[
  {
    "id": "4b8710f6-3821-4277-a75c-26877ba2c8cb",
    "data": [
      {
        "text": "สนใจเรียนไพทอนครับ",
        "userDefined": false
      }
    ],
    "isTemplate": false,
    "count": 0,
    "updated": 0
  },
  {
    "id": "446347b9-bd47-4cb8-972b-75b46608511f",
    "data": [
      {
        "text": "สอบถามคอสเรียนหน่อยครับ",
        "userDefined": false
      }
    ],
    "isTemplate": false,
    "count": 0,
    "updated": 0
  },
  {
    "id": "cc113cd0-cbd3-4ce3-b47a-85d5d682c090",
    "data": [
      {
        "text": "แนะนำคอสเรียนหน่อยครับ",
        "userDefined": false
      }
    ],
    "isTemplate": false,
    "count": 0,
    "updated": 0
  },
  {
    "id": "aa10c0e4-9e13-474e-925f-116c7bd67816",
    "data": [
      {
        "text": "สนใจสมัครเรียนคอสไพทอน",
        "userDefined": false
      }
    ],
    "isTemplate": false,
    "count": 0,
    "updated": 0
  }
]