[
  {
    "id": "1e60caa1-68e3-4451-898f-124fcb3c70cf",
    "data": [
      {
        "text": "สวั",
        "userDefined": false
      },
      {
        "text": "สด",
        "meta": "@sys.ignore",
        "userDefined": false
      },
      {
        "text": "ีลุง",
        "userDefined": false
      }
    ],
    "isTemplate": false,
    "count": 0,
    "updated": 0
  },
  {
    "id": "f258b8ed-7af0-49fa-810f-f5bf09afba5c",
    "data": [
      {
        "text": "ดีลุง",
        "userDefined": false
      }
    ],
    "isTemplate": false,
    "count": 0,
    "updated": 0
  },
  {
    "id": "3f45cd75-1e71-447e-a874-a8eb6af52d6f",
    "data": [
      {
        "text": "ดีคับลุง",
        "userDefined": false
      }
    ],
    "isTemplate": false,
    "count": 0,
    "updated": 0
  },
  {
    "id": "5e7d1335-3ba6-4fc1-a356-9b1bc4ee8ae5",
    "data": [
      {
        "text": "สวัสดี",
        "userDefined": false
      }
    ],
    "isTemplate": false,
    "count": 0,
    "updated": 0
  },
  {
    "id": "3d2151bb-e65e-45b3-b1e1-dc14e2b7923d",
    "data": [
      {
        "text": "หวัดดีจ้ะ",
        "userDefined": false
      }
    ],
    "isTemplate": false,
    "count": 0,
    "updated": 0
  },
  {
    "id": "79a1e7d3-2380-48e6-bcd2-49499a6a8f20",
    "data": [
      {
        "text": "สวัสดีน้า",
        "userDefined": false
      }
    ],
    "isTemplate": false,
    "count": 0,
    "updated": 0
  },
  {
    "id": "5bd6a023-246f-4c17-b102-7f26d1bf6e35",
    "data": [
      {
        "text": "ว่าไง",
        "userDefined": false
      }
    ],
    "isTemplate": false,
    "count": 0,
    "updated": 0
  },
  {
    "id": "7cc3b455-b23d-434f-9d27-7d61f22e5d90",
    "data": [
      {
        "text": "สวีดัส",
        "userDefined": false
      }
    ],
    "isTemplate": false,
    "count": 0,
    "updated": 0
  },
  {
    "id": "04927a3a-98ed-4232-a7ed-03da8d9cfa7d",
    "data": [
      {
        "text": "สวัสดีจ้ะ",
        "userDefined": false
      }
    ],
    "isTemplate": false,
    "count": 0,
    "updated": 0
  },
  {
    "id": "ad144810-d57d-45dc-9a51-6aa91c1a98ae",
    "data": [
      {
        "text": "หวัดดีจ้า",
        "userDefined": false
      }
    ],
    "isTemplate": false,
    "count": 0,
    "updated": 0
  },
  {
    "id": "bca10dc1-0b58-44a7-ac62-cbcf626da0d4",
    "data": [
      {
        "text": "ไม่เจอกันตั้งนาน",
        "userDefined": false
      }
    ],
    "isTemplate": false,
    "count": 0,
    "updated": 0
  },
  {
    "id": "10b3dd02-1bae-45f9-9b9e-563a0b7f31cd",
    "data": [
      {
        "text": "ขอทักทาย",
        "userDefined": false
      }
    ],
    "isTemplate": false,
    "count": 0,
    "updated": 0
  },
  {
    "id": "80781ab4-7dee-4491-8d0a-4c95ec8e2296",
    "data": [
      {
        "text": "หวัดดี",
        "userDefined": false
      }
    ],
    "isTemplate": false,
    "count": 0,
    "updated": 0
  }
]