[
  {
    "id": "0224b10e-df1d-4e35-8b40-e5855e6ec057",
    "data": [
      {
        "text": "สนใจคอส",
        "userDefined": false
      },
      {
        "text": "สด",
        "alias": "where",
        "meta": "@where",
        "userDefined": true
      }
    ],
    "isTemplate": false,
    "count": 0,
    "updated": 0
  },
  {
    "id": "76a7492c-ea91-407c-962a-4fcbf420d296",
    "data": [
      {
        "text": "คอส",
        "userDefined": false
      },
      {
        "text": "ออนไลน์",
        "alias": "where",
        "meta": "@where",
        "userDefined": true
      }
    ],
    "isTemplate": false,
    "count": 0,
    "updated": 0
  },
  {
    "id": "2531d41f-21bd-4f06-9bd0-1af999a78e7b",
    "data": [
      {
        "text": "คอส",
        "userDefined": false
      },
      {
        "text": "สด",
        "alias": "where",
        "meta": "@where",
        "userDefined": true
      }
    ],
    "isTemplate": false,
    "count": 0,
    "updated": 0
  },
  {
    "id": "ca3bf45b-fcd8-4d7a-a4f7-60cf78bc2d79",
    "data": [
      {
        "text": "เรียน",
        "userDefined": false
      },
      {
        "text": "สด",
        "alias": "where",
        "meta": "@where",
        "userDefined": true
      }
    ],
    "isTemplate": false,
    "count": 0,
    "updated": 0
  },
  {
    "id": "896a0ce9-a097-4859-85a6-c240fa6248a6",
    "data": [
      {
        "text": "เรียน",
        "userDefined": false
      },
      {
        "text": "ออนไลน์",
        "alias": "where",
        "meta": "@where",
        "userDefined": true
      }
    ],
    "isTemplate": false,
    "count": 0,
    "updated": 0
  },
  {
    "id": "ec737560-7359-46b2-85e8-7bf9ae146602",
    "data": [
      {
        "text": "อยากเรียน",
        "userDefined": false
      },
      {
        "text": "ออนไลน์",
        "alias": "where",
        "meta": "@where",
        "userDefined": true
      }
    ],
    "isTemplate": false,
    "count": 0,
    "updated": 0
  },
  {
    "id": "8e557e7b-8e65-480d-9d8e-15de9e939b48",
    "data": [
      {
        "text": "สนใจ",
        "userDefined": false
      },
      {
        "text": "ออนไลน์",
        "alias": "where",
        "meta": "@where",
        "userDefined": true
      },
      {
        "text": "ครับ",
        "userDefined": false
      }
    ],
    "isTemplate": false,
    "count": 0,
    "updated": 0
  }
]