[
  {
    "id": "8d72a366-6e51-435e-8510-213e9b9ba875",
    "data": [
      {
        "text": "กันยายน",
        "alias": "month",
        "meta": "@month",
        "userDefined": false
      }
    ],
    "isTemplate": false,
    "count": 0,
    "updated": 0
  },
  {
    "id": "e198e921-21e8-4d6d-bbe1-a9a84c7d3cb8",
    "data": [
      {
        "text": "เดือนตุลาคม",
        "alias": "month",
        "meta": "@month",
        "userDefined": false
      }
    ],
    "isTemplate": false,
    "count": 0,
    "updated": 0
  },
  {
    "id": "6b3794b5-814f-4302-a616-1efb3d480991",
    "data": [
      {
        "text": "เดือน10",
        "alias": "month",
        "meta": "@month",
        "userDefined": false
      }
    ],
    "isTemplate": false,
    "count": 0,
    "updated": 0
  },
  {
    "id": "366c93a6-d699-452b-9d48-8196c8b05f5b",
    "data": [
      {
        "text": "เดือน9",
        "alias": "month",
        "meta": "@month",
        "userDefined": false
      }
    ],
    "isTemplate": false,
    "count": 0,
    "updated": 0
  },
  {
    "id": "f8160b04-d65e-408b-a7f9-33770cce6d1b",
    "data": [
      {
        "text": "เดือนกันยา",
        "alias": "month",
        "meta": "@month",
        "userDefined": false
      },
      {
        "text": "ครับ",
        "userDefined": false
      }
    ],
    "isTemplate": false,
    "count": 0,
    "updated": 0
  }
]