[
  {
    "id": "60bdb8b1-99ca-4209-9b34-1092dcc207d4",
    "data": [
      {
        "text": "คอสนี้เหลือว่างกี่ที่",
        "userDefined": false
      }
    ],
    "isTemplate": false,
    "count": 0,
    "updated": 0
  },
  {
    "id": "89652666-3a42-4cf1-835c-0c4a58a9be09",
    "data": [
      {
        "text": "คอสนี้ยังมีที่ว่างไหม",
        "userDefined": false
      }
    ],
    "isTemplate": false,
    "count": 0,
    "updated": 0
  },
  {
    "id": "beaf1ba8-1e26-409f-b6fc-e0f88fafd853",
    "data": [
      {
        "text": "สนใจคอสเรียนนี้อ่ะ",
        "userDefined": false
      }
    ],
    "isTemplate": false,
    "count": 0,
    "updated": 0
  },
  {
    "id": "b73c0652-4e37-44e9-8f7c-7c23c6bd9e17",
    "data": [
      {
        "text": "คอสเรียนไพทอน",
        "userDefined": false
      }
    ],
    "isTemplate": false,
    "count": 0,
    "updated": 0
  },
  {
    "id": "d4b832ca-eb2c-4af9-a9c0-c928b3141f24",
    "data": [
      {
        "text": "สอบถามข้อมูลคอสเรียน",
        "userDefined": false
      }
    ],
    "isTemplate": false,
    "count": 0,
    "updated": 0
  },
  {
    "id": "57b068df-4f0f-4da5-874f-d7b3871e266d",
    "data": [
      {
        "text": "สนใจเรียนเขียนโปรแกรม",
        "userDefined": false
      }
    ],
    "isTemplate": false,
    "count": 0,
    "updated": 0
  },
  {
    "id": "cbe73def-ae59-421c-9273-ce9b34783478",
    "data": [
      {
        "text": "สนใจสมัครเรียนไพทอน",
        "userDefined": false
      }
    ],
    "isTemplate": false,
    "count": 0,
    "updated": 0
  },
  {
    "id": "8cdcd11e-8da1-45b0-ae3b-7600d582977b",
    "data": [
      {
        "text": "สมัครเรียนคอสไพทอน",
        "userDefined": false
      }
    ],
    "isTemplate": false,
    "count": 0,
    "updated": 0
  },
  {
    "id": "a6a4b2e2-9f46-4f4b-9154-92f5d31a510a",
    "data": [
      {
        "text": "ขอสมัครเรียน",
        "userDefined": false
      },
      {
        "text": "ไพทอน",
        "meta": "@sys.ignore",
        "userDefined": true
      },
      {
        "text": "หน่อยค่ะ",
        "userDefined": false
      }
    ],
    "isTemplate": false,
    "count": 0,
    "updated": 0
  }
]