[
  {
    "id": "a6ab5ce2-2ce9-46d3-850f-8ed5d74f9698",
    "data": [
      {
        "text": "ค่ะ",
        "userDefined": false
      }
    ],
    "isTemplate": false,
    "count": 0,
    "updated": 0
  },
  {
    "id": "fbac06dd-b03f-4a06-b0e3-eb36efefb584",
    "data": [
      {
        "text": "ครับ",
        "userDefined": false
      }
    ],
    "isTemplate": false,
    "count": 0,
    "updated": 0
  },
  {
    "id": "d80aa642-9164-46fa-bb3b-8a8bc28f5087",
    "data": [
      {
        "text": "ได้สิ",
        "userDefined": false
      }
    ],
    "isTemplate": false,
    "count": 0,
    "updated": 0
  },
  {
    "id": "ced880a2-7dcb-4763-b873-a88f67b9c642",
    "data": [
      {
        "text": "ใช่เลย",
        "userDefined": false
      }
    ],
    "isTemplate": false,
    "count": 0,
    "updated": 0
  },
  {
    "id": "48c960f6-4baf-4546-a9b2-259d84c3b72f",
    "data": [
      {
        "text": "ฉันยอมรับ",
        "userDefined": false
      }
    ],
    "isTemplate": false,
    "count": 0,
    "updated": 0
  },
  {
    "id": "4b559f0a-ab84-404a-aa26-f88681b2384c",
    "data": [
      {
        "text": "ยืนยัน",
        "userDefined": false
      }
    ],
    "isTemplate": false,
    "count": 0,
    "updated": 0
  },
  {
    "id": "6fa80ca1-04d3-4d3d-9e24-e15eeb3edce1",
    "data": [
      {
        "text": "ได้เลย",
        "userDefined": false
      }
    ],
    "isTemplate": false,
    "count": 0,
    "updated": 0
  },
  {
    "id": "4dc1e81f-c8d0-4a46-bf17-de073b227322",
    "data": [
      {
        "text": "โอเคนะ",
        "userDefined": false
      }
    ],
    "isTemplate": false,
    "count": 0,
    "updated": 0
  },
  {
    "id": "537f6f78-4d32-4f79-8e87-65f6ee2f4cf6",
    "data": [
      {
        "text": "ใช่",
        "userDefined": false
      }
    ],
    "isTemplate": false,
    "count": 0,
    "updated": 0
  },
  {
    "id": "aeacfb00-fb79-4bd9-96b1-f72b6cb48bc4",
    "data": [
      {
        "text": "ดีมาก",
        "userDefined": false
      }
    ],
    "isTemplate": false,
    "count": 0,
    "updated": 0
  },
  {
    "id": "442477f9-56b3-4d61-b13f-3a438410e9ac",
    "data": [
      {
        "text": "ถูกต้องแล้ว",
        "userDefined": false
      }
    ],
    "isTemplate": false,
    "count": 0,
    "updated": 0
  },
  {
    "id": "b89beb13-2daa-4357-a05f-b941e55c281e",
    "data": [
      {
        "text": "ทำเลย",
        "userDefined": true
      }
    ],
    "isTemplate": false,
    "count": 0,
    "updated": 0
  }
]