[
  {
    "id": "2f5d4284-7cc6-4e33-8028-2d632f2fd2ac",
    "data": [
      {
        "text": "สนใจคอสเรียนเขียน",
        "userDefined": false
      },
      {
        "text": "บอท",
        "alias": "courses",
        "meta": "@courses",
        "userDefined": true
      }
    ],
    "isTemplate": false,
    "count": 0,
    "updated": 0
  },
  {
    "id": "552bcd86-c1c9-4921-82ed-0d7448814b05",
    "data": [
      {
        "text": "สนใจคอสเรียนเขียน",
        "userDefined": false
      },
      {
        "text": "แชทบอท",
        "alias": "courses",
        "meta": "@courses",
        "userDefined": true
      }
    ],
    "isTemplate": false,
    "count": 0,
    "updated": 0
  },
  {
    "id": "1c84e59d-945b-49a4-aca0-4e669744ba6e",
    "data": [
      {
        "text": "สนใจคอสเรียนเขียน",
        "userDefined": false
      },
      {
        "text": "Chatbot",
        "alias": "courses",
        "meta": "@courses",
        "userDefined": true
      }
    ],
    "isTemplate": false,
    "count": 0,
    "updated": 0
  },
  {
    "id": "cc37786e-0db4-4ed3-8c27-ee9e00eb266d",
    "data": [
      {
        "text": "สนใจคอสเรียนเขียน",
        "userDefined": false
      },
      {
        "text": "web",
        "alias": "courses",
        "meta": "@courses",
        "userDefined": true
      }
    ],
    "isTemplate": false,
    "count": 0,
    "updated": 0
  },
  {
    "id": "d4461d18-7fb7-42ec-aa49-de0e589fac35",
    "data": [
      {
        "text": "สนใจคอสเรียนเขียน",
        "userDefined": false
      },
      {
        "text": "เว็บ",
        "alias": "courses",
        "meta": "@courses",
        "userDefined": true
      }
    ],
    "isTemplate": false,
    "count": 0,
    "updated": 0
  },
  {
    "id": "e58cbe0e-299d-428e-8c04-6d961c346f2a",
    "data": [
      {
        "text": "สนใจคอสเรียน",
        "userDefined": false
      },
      {
        "text": "django",
        "alias": "courses",
        "meta": "@courses",
        "userDefined": true
      }
    ],
    "isTemplate": false,
    "count": 0,
    "updated": 0
  },
  {
    "id": "b34e68b2-00be-4065-8d99-dee3b2d0aa50",
    "data": [
      {
        "text": "ผมสนใจคอสเรียน",
        "userDefined": false
      },
      {
        "text": "Automatebot",
        "alias": "courses",
        "meta": "@courses",
        "userDefined": true
      }
    ],
    "isTemplate": false,
    "count": 0,
    "updated": 0
  },
  {
    "id": "1bdf32b6-095d-405e-b071-6a2789e30d0f",
    "data": [
      {
        "text": "ผมสนใจคอสเรียน",
        "userDefined": false
      },
      {
        "text": "Chatbot",
        "alias": "courses",
        "meta": "@courses",
        "userDefined": true
      }
    ],
    "isTemplate": false,
    "count": 0,
    "updated": 0
  }
]