[
  {
    "value": "Chatbot",
    "synonyms": [
      "Chatbot"
    ]
  },
  {
    "value": "แชทบอท",
    "synonyms": [
      "แชทบอท"
    ]
  },
  {
    "value": "เขียนบอท",
    "synonyms": [
      "เขียนบอท"
    ]
  },
  {
    "value": "เขียนเว็บ",
    "synonyms": [
      "เขียนเว็บ"
    ]
  },
  {
    "value": "ทำเว็บ",
    "synonyms": [
      "ทำเว็บ"
    ]
  },
  {
    "value": "สร้างเว็บ",
    "synonyms": [
      "สร้างเว็บ"
    ]
  },
  {
    "value": "สร้างบอท",
    "synonyms": [
      "สร้างบอท"
    ]
  },
  {
    "value": "Linechatbot",
    "synonyms": [
      "Linechatbot"
    ]
  },
  {
    "value": "web",
    "synonyms": [
      "web"
    ]
  },
  {
    "value": "django",
    "synonyms": [
      "django"
    ]
  },
  {
    "value": "automatebot",
    "synonyms": [
      "automatebot"
    ]
  },
  {
    "value": "autobot",
    "synonyms": [
      "autobot"
    ]
  }
]