[
  {
    "value": "กันยายน",
    "synonyms": [
      "กันยายน"
    ]
  },
  {
    "value": "กย",
    "synonyms": [
      "กย"
    ]
  },
  {
    "value": "กันยา",
    "synonyms": [
      "กันยา"
    ]
  },
  {
    "value": "ตุลาคม",
    "synonyms": [
      "ตุลาคม"
    ]
  },
  {
    "value": "ตค",
    "synonyms": [
      "ตค"
    ]
  },
  {
    "value": "ตุลา",
    "synonyms": [
      "ตุลา"
    ]
  },
  {
    "value": "ต.ค",
    "synonyms": [
      "ต.ค"
    ]
  },
  {
    "value": "ต.ค.",
    "synonyms": [
      "ต.ค."
    ]
  },
  {
    "value": "ก.ย.",
    "synonyms": [
      "ก.ย."
    ]
  }
]