[
  {
    "value": "ออนไลน์",
    "synonyms": [
      "ออนไลน์"
    ]
  },
  {
    "value": "online",
    "synonyms": [
      "online"
    ]
  },
  {
    "value": "class",
    "synonyms": [
      "class"
    ]
  },
  {
    "value": "classroom",
    "synonyms": [
      "classroom"
    ]
  },
  {
    "value": "ออนไลน์",
    "synonyms": [
      "ออนไลน์"
    ]
  },
  {
    "value": "สด",
    "synonyms": [
      "สด"
    ]
  },
  {
    "value": "สอนสด",
    "synonyms": [
      "สอนสด"
    ]
  }
]